{"_step":569,"train/loss":13.917473793029785,"train/recon_loss":13.761184692382812,"_timestamp":1.7601590150491238e+09,"train/epoch_loss":13.633163027751172,"_runtime":175.540003753,"step":39000,"samples/reconstructions_grid":{"height":72,"_type":"image-file","sha256":"8bf9305cc3da299086544c8473da1c9690e001d3180e4aa2d7ea0e07d716c69b","size":65357,"path":"media/images/samples/reconstructions_grid_568_8bf9305cc3da29908654.png","format":"png","width":546},"epoch":99,"train/kl_loss":625.1563110351562,"train/epoch_recon_loss":13.475705646797824,"train/epoch_kl_loss":629.8294740174432,"_wandb":{"runtime":175}}