{"train/loss":13.731823921203613,"epoch":99,"_timestamp":1.7601583457974699e+09,"_runtime":175.901722335,"_step":569,"_wandb":{"runtime":176},"samples/reconstructions_grid":{"width":546,"height":72,"_type":"image-file","sha256":"d336870975d5ad16c9ac483791f109d32f205e146469948ce420fd39bbdffaeb","size":65072,"path":"media/images/samples/reconstructions_grid_568_d336870975d5ad16c9ac.png","format":"png"},"train/epoch_loss":13.679968407087008,"train/recon_loss":13.575119018554688,"train/kl_loss":626.8204345703125,"train/epoch_kl_loss":629.754407643662,"step":39000,"train/epoch_recon_loss":13.522529794736897}