{"train/epoch_kl_loss":0.7011161320044866,"train/kl_loss":0.6984983682632446,"train/epoch_recon_loss":0.00028136180432559803,"train/epoch_loss":0.00045664084691475704,"epoch":99,"train/loss":0.0006161194178275764,"step":39000,"samples/reconstructions_grid":{"width":546,"height":72,"_type":"image-file","sha256":"2f79d1adc9ad1e513280bde5591517840ec9253b8db67fba18c772a0631dbfea","size":69948,"path":"media/images/samples/reconstructions_grid_568_2f79d1adc9ad1e513280.png","format":"png"},"_wandb":{"runtime":934},"_step":569,"_timestamp":1.7601613167015839e+09,"train/recon_loss":0.0004414948052726686,"_runtime":932.6673876}